{
  "manage.py": 1761057227.0804021,
  "test_redis.py": 1761057227.0814,
  "kostebek_ana\\asgi.py": 1761057227.0794175,
  "kostebek_ana\\production_settings.py": 1775772194.9243982,
  "kostebek_ana\\settings.py": 1775445910.3163402,
  "kostebek_ana\\sitemaps.py": 1775399983.4727635,
  "kostebek_ana\\urls.py": 1775752632.7488246,
  "kostebek_ana\\wsgi.py": 1761057227.0774002,
  "kostebek_ana\\__init__.py": 1759867771.4272726,
  "magaza\\admin.py": 1772042656.238302,
  "magaza\\apps.py": 1773849906.9426749,
  "magaza\\models.py": 1775212160.6532545,
  "magaza\\urls.py": 1772045604.945712,
  "magaza\\views.py": 1775212160.6667433,
  "magaza\\management\\__init__.py": 1775297954.0471623,
  "magaza\\management\\commands\\fiyat_guncelle.py": 1775297971.5744977,
  "magaza\\management\\commands\\magaza_urunleri_yukle.py": 1775854792.345453,
  "magaza\\management\\commands\\__init__.py": 1775297954.1394353,
  "magaza\\migrations\\0001_initial.py": 1772042727.1217337,
  "magaza\\migrations\\0002_magazaurun_avatar_emoji_kategori_avatar.py": 1775212160.6532545,
  "magaza\\migrations\\0003_alter_magazaurun_kategori.py": 1775499725.7044234,
  "magaza\\migrations\\__init__.py": 1772042727.116733,
  "profile\\admin.py": 1775212160.6726005,
  "profile\\apps.py": 1765819597.0309203,
  "profile\\arkadaslik_helper.py": 1773849906.9456773,
  "profile\\avatar_listesi.py": 1775212160.676757,
  "profile\\bildirim_helper.py": 1775902528.9908938,
  "profile\\context_processors.py": 1775399968.6992688,
  "profile\\forms.py": 1761057227.0715024,
  "profile\\gorev_helper.py": 1771706434.9904394,
  "profile\\middleware.py": 1771962271.2869425,
  "profile\\models.py": 1775903729.4857154,
  "profile\\puan_helper.py": 1772023022.135623,
  "profile\\rozet_aciklama.py": 1773849906.9686763,
  "profile\\rozet_kontrol.py": 1775854850.597069,
  "profile\\scheduler.py": 1775212159.1334586,
  "profile\\signals.py": 1765102706.3956387,
  "profile\\streak_helper.py": 1771681582.0721889,
  "profile\\tasks.py": 1773849906.972674,
  "profile\\tests.py": 1764422565.3624895,
  "profile\\urls.py": 1775903785.421849,
  "profile\\views.py": 1775903775.6301749,
  "profile\\views_gorev.py": 1771712601.2995126,
  "profile\\views_xp.py": 1771856787.2259371,
  "profile\\xp_helper.py": 1773849907.0026746,
  "profile\\__init__.py": 1759867801.77447,
  "profile\\management\\commands\\clear_cache.py": 1773849906.9486756,
  "profile\\management\\commands\\gunluk_gorevleri_yukle.py": 1775854820.8340304,
  "profile\\management\\commands\\optimize_db.py": 1773849906.9496775,
  "profile\\management\\commands\\performance_test.py": 1773849906.9516766,
  "profile\\management\\commands\\reset_liderlik.py": 1773849906.9526765,
  "profile\\management\\commands\\sifirla_haftalik_puan.py": 1761057415.7095537,
  "profile\\management\\commands\\__init__.py": 1759945455.8528492,
  "profile\\migrations\\0001_initial.py": 1773849906.9536762,
  "profile\\migrations\\0002_remove_ogrenciprofili_profil_puan_idx_and_more.py": 1775499711.0267127,
  "profile\\migrations\\0003_remove_ogrenciprofili_profil_puan_idx_and_more.py": 1775445909.3048017,
  "profile\\migrations\\0004_bildirim.py": 1773849906.9616752,
  "profile\\migrations\\0005_arkadaslik.py": 1773849906.9636748,
  "profile\\migrations\\0006_ogrenciprofili_seviye_ogrenciprofili_xp.py": 1773849906.9646738,
  "profile\\migrations\\0007_ogrenciprofili_ardasik_gun_sayisi_and_more.py": 1773849906.965675,
  "profile\\migrations\\0008_ogrenciprofili_en_uzun_seri_and_more.py": 1771681213.8499217,
  "profile\\migrations\\0009_gunlukgorevsablonu_kullanicigunlukgorev_calismakaydi.py": 1771705538.9171357,
  "profile\\migrations\\0010_xpgecmisi.py": 1771851092.972217,
  "profile\\migrations\\0011_ogrenciprofili_tema.py": 1771853453.851045,
  "profile\\migrations\\0012_ogrenciprofili_son_aktif.py": 1771962047.9850943,
  "profile\\migrations\\0013_bildirim_link_bildirim_silindi_mi_alter_bildirim_tip.py": 1771967190.1240144,
  "profile\\migrations\\0014_remove_profil_fotografi_add_avatar.py": 1775212160.6779149,
  "profile\\migrations\\0015_remove_ogrenciprofili_profil_puan_idx_and_more.py": 1775758316.9386492,
  "profile\\migrations\\0016_duyuru_modeli.py": 1775903747.9010375,
  "profile\\migrations\\__init__.py": 1759867801.77447,
  "profile\\templatetags\\custom_filters.py": 1761057433.3019001,
  "profile\\templatetags\\__init__.py": 1759943556.1818924,
  "quiz\\admin.py": 1775335252.0430906,
  "quiz\\apps.py": 1761056717.011937,
  "quiz\\helpers.py": 1775902289.858745,
  "quiz\\models.py": 1775939573.089592,
  "quiz\\routing.py": 1775143433.4348922,
  "quiz\\tasks.py": 1761056723.3302774,
  "quiz\\tests.py": 1764429370.448898,
  "quiz\\urls.py": 1775857645.2800949,
  "quiz\\views.py": 1775903911.7945933,
  "quiz\\views_bul_bakalim.py": 1775906512.8469036,
  "quiz\\views_karsilasma.py": 1775902521.8192403,
  "quiz\\views_soru_yonetim.py": 1775901129.8037832,
  "quiz\\views_tabu.py": 1775940838.3172667,
  "quiz\\views_turnuva.py": 1775767522.3256505,
  "quiz\\__init__.py": 1759935567.601044,
  "quiz\\management\\commands\\bracket_olustur.py": 1773849907.006674,
  "quiz\\management\\commands\\toplu_soru_ekle.py": 1775854747.2436986,
  "quiz\\management\\commands\\turnuva_maclari_hazirla.py": 1773849907.0086744,
  "quiz\\migrations\\0001_initial.py": 1773849907.009674,
  "quiz\\migrations\\0002_remove_soru_zorluk_soru_baslik_and_more.py": 1773849907.0116763,
  "quiz\\migrations\\0003_alter_bulbakalimoyun_olusturulma_tarihi_and_more.py": 1773849907.0126753,
  "quiz\\migrations\\0004_karsilasmaodasi_aktif_round_and_more.py": 1773849907.013674,
  "quiz\\migrations\\0005_karsilasmaodasi_oyuncu1_cevap_zamani_and_more.py": 1773849907.0156758,
  "quiz\\migrations\\0006_karsilasmaodasi_ara_ekran_bekleniyor.py": 1773849907.0166762,
  "quiz\\migrations\\0007_karsilasmaodasi_secilen_ders_and_more.py": 1773849907.018675,
  "quiz\\migrations\\0008_rename_round_bitti_karsilasmaodasi_round_bekleme_durumu.py": 1773849907.019675,
  "quiz\\migrations\\0009_alter_tabukelime_kategori.py": 1773849907.0216758,
  "quiz\\migrations\\0010_turnuva_turnuvamaci_turnuvakatilim_and_more.py": 1773849907.022675,
  "quiz\\migrations\\0011_alter_konu_options_alter_soru_baslik_and_more.py": 1773849907.0246744,
  "quiz\\migrations\\0012_turnuvamaci_mac_baslangic_zamani_and_more.py": 1773849907.0256765,
  "quiz\\migrations\\0013_turnuvasiralama.py": 1773849907.027676,
  "quiz\\migrations\\0014_meydanokuma.py": 1771706445.8235383,
  "quiz\\migrations\\0015_karsilasmaodasi_bitis_zamani.py": 1775212159.1435928,
  "quiz\\migrations\\0016_karsilasmaodasi_oda_kodu_and_more.py": 1775445910.319344,
  "quiz\\migrations\\0017_karsilasmaodasi_hazir_sistemi.py": 1775336185.7379608,
  "quiz\\migrations\\0018_soru_detayli_aciklama.py": 1775390976.2487571,
  "quiz\\migrations\\0019_karsilasmaodasi_oda_kodu_and_more.py": 1775499725.7234213,
  "quiz\\migrations\\__init__.py": 1759935567.6101122,
  "quiz\\templatetags\\math_filters.py": 1773849907.0506756,
  "quiz\\templatetags\\__init__.py": 1771443333.6220999,
  "staticfiles\\admin\\js\\actions.js": 1764424200.1765018,
  "staticfiles\\admin\\js\\autocomplete.js": 1764424200.2198997,
  "staticfiles\\admin\\js\\calendar.js": 1764424200.2220185,
  "staticfiles\\admin\\js\\cancel.js": 1764424200.252255,
  "staticfiles\\admin\\js\\change_form.js": 1764424200.2543073,
  "staticfiles\\admin\\js\\collapse.js": 1764424200.285581,
  "staticfiles\\admin\\js\\core.js": 1764424200.285581,
  "staticfiles\\admin\\js\\filters.js": 1764424200.285581,
  "staticfiles\\admin\\js\\inlines.js": 1764424200.285581,
  "staticfiles\\admin\\js\\jquery.init.js": 1764424200.285581,
  "staticfiles\\admin\\js\\nav_sidebar.js": 1764424200.3324406,
  "staticfiles\\admin\\js\\popup_response.js": 1764424200.3480597,
  "staticfiles\\admin\\js\\prepopulate.js": 1764424200.3480597,
  "staticfiles\\admin\\js\\prepopulate_init.js": 1764424200.3636851,
  "staticfiles\\admin\\js\\SelectBox.js": 1764424200.3636851,